date,territory_id,category,value,salary,consumption_percent
2024-01-01,1954,Продовольствие,15892,96625.0,16.45
2024-01-01,1954,Здоровье,1495,96625.0,1.55
2024-01-01,1954,Маркетплейсы,2251,96625.0,2.33
2024-01-01,1954,Общественное питание,250,96625.0,0.26
2024-01-01,1954,Транспорт,1549,96625.0,1.6
2024-01-01,1954,Все категории,30015,96625.0,31.06
2024-01-01,1955,Продовольствие,17715,108286.4,16.36
2024-01-01,1955,Здоровье,1329,108286.4,1.23
2024-01-01,1955,Маркетплейсы,2219,108286.4,2.05
2024-01-01,1955,Общественное питание,1490,108286.4,1.38
2024-01-01,1955,Транспорт,3008,108286.4,2.78
2024-01-01,1955,Все категории,36908,108286.4,34.08
2024-01-01,1956,Продовольствие,13527,106257.6,12.73
2024-01-01,1956,Здоровье,894,106257.6,0.84
2024-01-01,1956,Маркетплейсы,1853,106257.6,1.74
2024-01-01,1956,Общественное питание,591,106257.6,0.56
2024-01-01,1956,Транспорт,1194,106257.6,1.12
2024-01-01,1956,Все категории,25627,106257.6,24.12
2024-01-01,1957,Продовольствие,15888,128090.6,12.4
2024-01-01,1957,Здоровье,1444,128090.6,1.13
2024-01-01,1957,Маркетплейсы,2174,128090.6,1.7
2024-01-01,1957,Общественное питание,1528,128090.6,1.19
2024-01-01,1957,Транспорт,2051,128090.6,1.6
2024-01-01,1957,Все категории,34123,128090.6,26.64
2024-01-01,1959,Продовольствие,14635,95628.8,15.3
2024-01-01,1959,Здоровье,1113,95628.8,1.16
2024-01-01,1959,Маркетплейсы,958,95628.8,1.0
2024-01-01,1959,Общественное питание,502,95628.8,0.52
2024-01-01,1959,Транспорт,1850,95628.8,1.93
2024-01-01,1959,Все категории,28224,95628.8,29.51
2024-01-01,1960,Продовольствие,14183,108694.7,13.05
2024-01-01,1960,Здоровье,1189,108694.7,1.09
2024-01-01,1960,Маркетплейсы,2224,108694.7,2.05
2024-01-01,1960,Общественное питание,374,108694.7,0.34
2024-01-01,1960,Транспорт,1522,108694.7,1.4
2024-01-01,1960,Все категории,27883,108694.7,25.65
2024-01-01,1961,Продовольствие,16752,192734.4,8.69
2024-01-01,1961,Здоровье,1546,192734.4,0.8
2024-01-01,1961,Маркетплейсы,3433,192734.4,1.78
2024-01-01,1961,Общественное питание,2113,192734.4,1.1
2024-01-01,1961,Транспорт,2528,192734.4,1.31
2024-01-01,1961,Все категории,38495,192734.4,19.97
2024-01-01,1962,Продовольствие,17767,126841.9,14.01
2024-01-01,1962,Здоровье,1527,126841.9,1.2
2024-01-01,1962,Маркетплейсы,3152,126841.9,2.48
2024-01-01,1962,Общественное питание,1489,126841.9,1.17
2024-01-01,1962,Транспорт,2152,126841.9,1.7
2024-01-01,1962,Все категории,38600,126841.9,30.43
2024-01-01,1963,Продовольствие,14419,93411.3,15.44
2024-01-01,1963,Здоровье,1038,93411.3,1.11
2024-01-01,1963,Маркетплейсы,1881,93411.3,2.01
2024-01-01,1963,Общественное питание,789,93411.3,0.84
2024-01-01,1963,Транспорт,1650,93411.3,1.77
2024-01-01,1963,Все категории,27768,93411.3,29.73
2024-01-01,1965,Продовольствие,14901,94562.8,15.76
2024-01-01,1965,Здоровье,835,94562.8,0.88
2024-01-01,1965,Маркетплейсы,1815,94562.8,1.92
2024-01-01,1965,Общественное питание,382,94562.8,0.4
2024-01-01,1965,Транспорт,1735,94562.8,1.83
2024-01-01,1965,Все категории,26938,94562.8,28.49
2024-01-01,1966,Продовольствие,15969,102967.7,15.51
2024-01-01,1966,Здоровье,864,102967.7,0.84
2024-01-01,1966,Маркетплейсы,967,102967.7,0.94
2024-01-01,1966,Общественное питание,429,102967.7,0.42
2024-01-01,1966,Транспорт,1324,102967.7,1.29
2024-01-01,1966,Все категории,25442,102967.7,24.71
2024-01-01,1967,Продовольствие,15259,101926.2,14.97
2024-01-01,1967,Здоровье,1293,101926.2,1.27
2024-01-01,1967,Маркетплейсы,2115,101926.2,2.08
2024-01-01,1967,Общественное питание,477,101926.2,0.47
2024-01-01,1967,Транспорт,2314,101926.2,2.27
2024-01-01,1967,Все категории,30724,101926.2,30.14
2024-01-01,1968,Продовольствие,17030,147821.8,11.52
2024-01-01,1968,Здоровье,1433,147821.8,0.97
2024-01-01,1968,Маркетплейсы,2404,147821.8,1.63
2024-01-01,1968,Общественное питание,1285,147821.8,0.87
2024-01-01,1968,Транспорт,1648,147821.8,1.11
2024-01-01,1968,Все категории,34465,147821.8,23.32
2024-01-01,1969,Продовольствие,13777,108750.4,12.67
2024-01-01,1969,Здоровье,1122,108750.4,1.03
2024-01-01,1969,Маркетплейсы,1931,108750.4,1.78
2024-01-01,1969,Общественное питание,747,108750.4,0.69
2024-01-01,1969,Транспорт,1412,108750.4,1.3
2024-01-01,1969,Все категории,28189,108750.4,25.92
2024-02-01,1954,Продовольствие,17800,96625.0,18.42
2024-02-01,1954,Здоровье,1550,96625.0,1.6
2024-02-01,1954,Маркетплейсы,3014,96625.0,3.12
2024-02-01,1954,Общественное питание,251,96625.0,0.26
2024-02-01,1954,Транспорт,1659,96625.0,1.72
2024-02-01,1954,Все категории,33996,96625.0,35.18
2024-02-01,1955,Продовольствие,19477,108286.4,17.99
2024-02-01,1955,Здоровье,1750,108286.4,1.62
2024-02-01,1955,Маркетплейсы,2587,108286.4,2.39
2024-02-01,1955,Общественное питание,2242,108286.4,2.07
2024-02-01,1955,Транспорт,3587,108286.4,3.31
2024-02-01,1955,Все категории,44697,108286.4,41.28
2024-02-01,1956,Продовольствие,14636,106257.6,13.77
2024-02-01,1956,Здоровье,1190,106257.6,1.12
2024-02-01,1956,Маркетплейсы,2616,106257.6,2.46
2024-02-01,1956,Общественное питание,771,106257.6,0.73
2024-02-01,1956,Транспорт,1625,106257.6,1.53
2024-02-01,1956,Все категории,30524,106257.6,28.73
2024-02-01,1957,Продовольствие,17237,128090.6,13.46
2024-02-01,1957,Здоровье,1697,128090.6,1.32
2024-02-01,1957,Маркетплейсы,2799,128090.6,2.19
2024-02-01,1957,Общественное питание,1671,128090.6,1.3
2024-02-01,1957,Транспорт,2303,128090.6,1.8
2024-02-01,1957,Все категории,39871,128090.6,31.13
2024-02-01,1959,Продовольствие,16364,95628.8,17.11
2024-02-01,1959,Здоровье,1090,95628.8,1.14
2024-02-01,1959,Маркетплейсы,1565,95628.8,1.64
2024-02-01,1959,Общественное питание,494,95628.8,0.52
2024-02-01,1959,Транспорт,1851,95628.8,1.94
2024-02-01,1959,Все категории,31924,95628.8,33.38
2024-02-01,1960,Продовольствие,15565,108694.7,14.32
2024-02-01,1960,Здоровье,1354,108694.7,1.25
2024-02-01,1960,Маркетплейсы,2781,108694.7,2.56
2024-02-01,1960,Общественное питание,499,108694.7,0.46
2024-02-01,1960,Транспорт,1747,108694.7,1.61
2024-02-01,1960,Все категории,31744,108694.7,29.2
2024-02-01,1961,Продовольствие,18110,192734.4,9.4
2024-02-01,1961,Здоровье,1789,192734.4,0.93
2024-02-01,1961,Маркетплейсы,4226,192734.4,2.19
2024-02-01,1961,Общественное питание,2261,192734.4,1.17
2024-02-01,1961,Транспорт,2630,192734.4,1.36
2024-02-01,1961,Все категории,43774,192734.4,22.71
2024-02-01,1962,Продовольствие,19126,126841.9,15.08
2024-02-01,1962,Здоровье,1575,126841.9,1.24
2024-02-01,1962,Маркетплейсы,3695,126841.9,2.91
2024-02-01,1962,Общественное питание,1307,126841.9,1.03
2024-02-01,1962,Транспорт,2197,126841.9,1.73
2024-02-01,1962,Все категории,41703,126841.9,32.88
2024-02-01,1963,Продовольствие,16139,93411.3,17.28
2024-02-01,1963,Здоровье,1271,93411.3,1.36
2024-02-01,1963,Маркетплейсы,2371,93411.3,2.54
2024-02-01,1963,Общественное питание,905,93411.3,0.97
2024-02-01,1963,Транспорт,1746,93411.3,1.87
2024-02-01,1963,Все категории,32728,93411.3,35.04
2024-02-01,1965,Продовольствие,16172,94562.8,17.1
2024-02-01,1965,Здоровье,1054,94562.8,1.11
2024-02-01,1965,Маркетплейсы,2914,94562.8,3.08
2024-02-01,1965,Общественное питание,507,94562.8,0.54
2024-02-01,1965,Транспорт,1865,94562.8,1.97
2024-02-01,1965,Все категории,30920,94562.8,32.7
2024-02-01,1966,Продовольствие,17554,102967.7,17.05
2024-02-01,1966,Здоровье,1012,102967.7,0.98
2024-02-01,1966,Маркетплейсы,1240,102967.7,1.2
2024-02-01,1966,Общественное питание,580,102967.7,0.56
2024-02-01,1966,Транспорт,1387,102967.7,1.35
2024-02-01,1966,Все категории,29812,102967.7,28.95
2024-02-01,1967,Продовольствие,17845,101926.2,17.51
2024-02-01,1967,Здоровье,1258,101926.2,1.23
2024-02-01,1967,Маркетплейсы,3015,101926.2,2.96
2024-02-01,1967,Общественное питание,422,101926.2,0.41
2024-02-01,1967,Транспорт,2317,101926.2,2.27
2024-02-01,1967,Все категории,35836,101926.2,35.16
2024-02-01,1968,Продовольствие,18560,147821.8,12.56
2024-02-01,1968,Здоровье,1594,147821.8,1.08
2024-02-01,1968,Маркетплейсы,3218,147821.8,2.18
2024-02-01,1968,Общественное питание,1395,147821.8,0.94
2024-02-01,1968,Транспорт,1672,147821.8,1.13
2024-02-01,1968,Все категории,38446,147821.8,26.01
2024-02-01,1969,Продовольствие,14973,108750.4,13.77
2024-02-01,1969,Здоровье,1349,108750.4,1.24
2024-02-01,1969,Маркетплейсы,2582,108750.4,2.37
2024-02-01,1969,Общественное питание,916,108750.4,0.84
2024-02-01,1969,Транспорт,1661,108750.4,1.53
2024-02-01,1969,Все категории,32624,108750.4,30.0
2024-03-01,1954,Продовольствие,19145,96625.0,19.81
2024-03-01,1954,Здоровье,1484,96625.0,1.54
2024-03-01,1954,Маркетплейсы,3849,96625.0,3.98
2024-03-01,1954,Общественное питание,339,96625.0,0.35
2024-03-01,1954,Транспорт,1367,96625.0,1.41
2024-03-01,1954,Все категории,36272,96625.0,37.54
2024-03-01,1955,Продовольствие,20201,108286.4,18.66
2024-03-01,1955,Здоровье,1906,108286.4,1.76
2024-03-01,1955,Маркетплейсы,3127,108286.4,2.89
2024-03-01,1955,Общественное питание,2261,108286.4,2.09
2024-03-01,1955,Транспорт,3492,108286.4,3.22
2024-03-01,1955,Все категории,46978,108286.4,43.38
2024-03-01,1956,Продовольствие,15585,106257.6,14.67
2024-03-01,1956,Здоровье,1107,106257.6,1.04
2024-03-01,1956,Маркетплейсы,2856,106257.6,2.69
2024-03-01,1956,Общественное питание,829,106257.6,0.78
2024-03-01,1956,Транспорт,1434,106257.6,1.35
2024-03-01,1956,Все категории,31955,106257.6,30.07
2024-03-01,1957,Продовольствие,18829,128090.6,14.7
2024-03-01,1957,Здоровье,1755,128090.6,1.37
2024-03-01,1957,Маркетплейсы,2957,128090.6,2.31
2024-03-01,1957,Общественное питание,1955,128090.6,1.53
2024-03-01,1957,Транспорт,2306,128090.6,1.8
2024-03-01,1957,Все категории,43369,128090.6,33.86
2024-03-01,1959,Продовольствие,17638,95628.8,18.44
2024-03-01,1959,Здоровье,1271,95628.8,1.33
2024-03-01,1959,Маркетплейсы,1627,95628.8,1.7
2024-03-01,1959,Общественное питание,677,95628.8,0.71
2024-03-01,1959,Транспорт,2017,95628.8,2.11
2024-03-01,1959,Все категории,33803,95628.8,35.35
2024-03-01,1960,Продовольствие,16996,108694.7,15.64
2024-03-01,1960,Здоровье,1499,108694.7,1.38
2024-03-01,1960,Маркетплейсы,3186,108694.7,2.93
2024-03-01,1960,Общественное питание,642,108694.7,0.59
2024-03-01,1960,Транспорт,1683,108694.7,1.55
2024-03-01,1960,Все категории,35004,108694.7,32.2
2024-03-01,1961,Продовольствие,20385,192734.4,10.58
2024-03-01,1961,Здоровье,1843,192734.4,0.96
2024-03-01,1961,Маркетплейсы,4554,192734.4,2.36
2024-03-01,1961,Общественное питание,2569,192734.4,1.33
2024-03-01,1961,Транспорт,2517,192734.4,1.31
2024-03-01,1961,Все категории,48227,192734.4,25.02
2024-03-01,1962,Продовольствие,21667,126841.9,17.08
2024-03-01,1962,Здоровье,1686,126841.9,1.33
2024-03-01,1962,Маркетплейсы,4192,126841.9,3.3
2024-03-01,1962,Общественное питание,1286,126841.9,1.01
2024-03-01,1962,Транспорт,2034,126841.9,1.6
2024-03-01,1962,Все категории,46368,126841.9,36.56
2024-03-01,1963,Продовольствие,17621,93411.3,18.86
2024-03-01,1963,Здоровье,1185,93411.3,1.27
2024-03-01,1963,Маркетплейсы,2695,93411.3,2.89
2024-03-01,1963,Общественное питание,1028,93411.3,1.1
2024-03-01,1963,Транспорт,1763,93411.3,1.89
2024-03-01,1963,Все категории,35231,93411.3,37.72
2024-03-01,1965,Продовольствие,17042,94562.8,18.02
2024-03-01,1965,Здоровье,971,94562.8,1.03
2024-03-01,1965,Маркетплейсы,2826,94562.8,2.99
2024-03-01,1965,Общественное питание,507,94562.8,0.54
2024-03-01,1965,Транспорт,1485,94562.8,1.57
2024-03-01,1965,Все категории,32507,94562.8,34.38
2024-03-01,1966,Продовольствие,18222,102967.7,17.7
2024-03-01,1966,Здоровье,1237,102967.7,1.2
2024-03-01,1966,Маркетплейсы,1578,102967.7,1.53
2024-03-01,1966,Общественное питание,642,102967.7,0.62
2024-03-01,1966,Транспорт,1612,102967.7,1.57
2024-03-01,1966,Все категории,31709,102967.7,30.8
2024-03-01,1967,Продовольствие,19169,101926.2,18.81
2024-03-01,1967,Здоровье,1353,101926.2,1.33
2024-03-01,1967,Маркетплейсы,2919,101926.2,2.86
2024-03-01,1967,Общественное питание,495,101926.2,0.49
2024-03-01,1967,Транспорт,2102,101926.2,2.06
2024-03-01,1967,Все категории,38159,101926.2,37.44
2024-03-01,1968,Продовольствие,20552,147821.8,13.9
2024-03-01,1968,Здоровье,1663,147821.8,1.13
2024-03-01,1968,Маркетплейсы,3620,147821.8,2.45
2024-03-01,1968,Общественное питание,1429,147821.8,0.97
2024-03-01,1968,Транспорт,1701,147821.8,1.15
2024-03-01,1968,Все категории,41747,147821.8,28.24
2024-03-01,1969,Продовольствие,16500,108750.4,15.17
2024-03-01,1969,Здоровье,1365,108750.4,1.26
2024-03-01,1969,Маркетплейсы,2751,108750.4,2.53
2024-03-01,1969,Общественное питание,1073,108750.4,0.99
2024-03-01,1969,Транспорт,1691,108750.4,1.55
2024-03-01,1969,Все категории,34912,108750.4,32.1
2024-04-01,1954,Продовольствие,18954,96625.0,19.62
2024-04-01,1954,Здоровье,1487,96625.0,1.54
2024-04-01,1954,Маркетплейсы,3837,96625.0,3.97
2024-04-01,1954,Общественное питание,347,96625.0,0.36
2024-04-01,1954,Транспорт,1390,96625.0,1.44
2024-04-01,1954,Все категории,35855,96625.0,37.11
2024-04-01,1955,Продовольствие,19625,108286.4,18.12
2024-04-01,1955,Здоровье,1678,108286.4,1.55
2024-04-01,1955,Маркетплейсы,2928,108286.4,2.7
2024-04-01,1955,Общественное питание,2090,108286.4,1.93
2024-04-01,1955,Транспорт,3480,108286.4,3.21
2024-04-01,1955,Все категории,45592,108286.4,42.1
2024-04-01,1956,Продовольствие,15014,106257.6,14.13
2024-04-01,1956,Здоровье,1141,106257.6,1.07
2024-04-01,1956,Маркетплейсы,2945,106257.6,2.77
2024-04-01,1956,Общественное питание,798,106257.6,0.75
2024-04-01,1956,Транспорт,1495,106257.6,1.41
2024-04-01,1956,Все категории,31386,106257.6,29.54
2024-04-01,1957,Продовольствие,18019,128090.6,14.07
2024-04-01,1957,Здоровье,1588,128090.6,1.24
2024-04-01,1957,Маркетплейсы,2885,128090.6,2.25
2024-04-01,1957,Общественное питание,1775,128090.6,1.39
2024-04-01,1957,Транспорт,2176,128090.6,1.7
2024-04-01,1957,Все категории,40636,128090.6,31.72
2024-04-01,1959,Продовольствие,15973,95628.8,16.7
2024-04-01,1959,Здоровье,1170,95628.8,1.22
2024-04-01,1959,Маркетплейсы,2068,95628.8,2.16
2024-04-01,1959,Общественное питание,554,95628.8,0.58
2024-04-01,1959,Транспорт,1702,95628.8,1.78
2024-04-01,1959,Все категории,32115,95628.8,33.58
2024-04-01,1960,Продовольствие,17211,108694.7,15.83
2024-04-01,1960,Здоровье,1497,108694.7,1.38
2024-04-01,1960,Маркетплейсы,2905,108694.7,2.67
2024-04-01,1960,Общественное питание,570,108694.7,0.52
2024-04-01,1960,Транспорт,1684,108694.7,1.55
2024-04-01,1960,Все категории,35366,108694.7,32.54
2024-04-01,1961,Продовольствие,20133,192734.4,10.45
2024-04-01,1961,Здоровье,1823,192734.4,0.95
2024-04-01,1961,Маркетплейсы,4604,192734.4,2.39
2024-04-01,1961,Общественное питание,2462,192734.4,1.28
2024-04-01,1961,Транспорт,2415,192734.4,1.25
2024-04-01,1961,Все категории,47315,192734.4,24.55
2024-04-01,1962,Продовольствие,21232,126841.9,16.74
2024-04-01,1962,Здоровье,1651,126841.9,1.3
2024-04-01,1962,Маркетплейсы,4115,126841.9,3.24
2024-04-01,1962,Общественное питание,1264,126841.9,1.0
2024-04-01,1962,Транспорт,1853,126841.9,1.46
2024-04-01,1962,Все категории,44340,126841.9,34.96
2024-04-01,1963,Продовольствие,16959,93411.3,18.16
2024-04-01,1963,Здоровье,1089,93411.3,1.17
2024-04-01,1963,Маркетплейсы,2926,93411.3,3.13
2024-04-01,1963,Общественное питание,992,93411.3,1.06
2024-04-01,1963,Транспорт,1741,93411.3,1.86
2024-04-01,1963,Все категории,33701,93411.3,36.08
2024-04-01,1965,Продовольствие,16723,94562.8,17.68
2024-04-01,1965,Здоровье,1105,94562.8,1.17
2024-04-01,1965,Маркетплейсы,2411,94562.8,2.55
2024-04-01,1965,Общественное питание,535,94562.8,0.57
2024-04-01,1965,Транспорт,1718,94562.8,1.82
2024-04-01,1965,Все категории,31302,94562.8,33.1
2024-04-01,1966,Продовольствие,17720,102967.7,17.21
2024-04-01,1966,Здоровье,1115,102967.7,1.08
2024-04-01,1966,Маркетплейсы,1819,102967.7,1.77
2024-04-01,1966,Общественное питание,660,102967.7,0.64
2024-04-01,1966,Транспорт,1693,102967.7,1.64
2024-04-01,1966,Все категории,31935,102967.7,31.01
2024-04-01,1967,Продовольствие,18816,101926.2,18.46
2024-04-01,1967,Здоровье,1372,101926.2,1.35
2024-04-01,1967,Маркетплейсы,3117,101926.2,3.06
2024-04-01,1967,Общественное питание,512,101926.2,0.5
2024-04-01,1967,Транспорт,2325,101926.2,2.28
2024-04-01,1967,Все категории,37858,101926.2,37.14
2024-04-01,1968,Продовольствие,19506,147821.8,13.2
2024-04-01,1968,Здоровье,1488,147821.8,1.01
2024-04-01,1968,Маркетплейсы,3693,147821.8,2.5
2024-04-01,1968,Общественное питание,1336,147821.8,0.9
2024-04-01,1968,Транспорт,1658,147821.8,1.12
2024-04-01,1968,Все категории,40224,147821.8,27.21
2024-04-01,1969,Продовольствие,15573,108750.4,14.32
2024-04-01,1969,Здоровье,1203,108750.4,1.11
2024-04-01,1969,Маркетплейсы,2482,108750.4,2.28
2024-04-01,1969,Общественное питание,1039,108750.4,0.96
2024-04-01,1969,Транспорт,1614,108750.4,1.48
2024-04-01,1969,Все категории,32954,108750.4,30.3
2024-05-01,1954,Продовольствие,19143,96625.0,19.81
2024-05-01,1954,Здоровье,1280,96625.0,1.32
2024-05-01,1954,Маркетплейсы,3535,96625.0,3.66
2024-05-01,1954,Общественное питание,356,96625.0,0.37
2024-05-01,1954,Транспорт,1740,96625.0,1.8
2024-05-01,1954,Все категории,35735,96625.0,36.98
2024-05-01,1955,Продовольствие,17030,108286.4,15.73
2024-05-01,1955,Здоровье,1389,108286.4,1.28
2024-05-01,1955,Маркетплейсы,3314,108286.4,3.06
2024-05-01,1955,Общественное питание,1676,108286.4,1.55
2024-05-01,1955,Транспорт,2475,108286.4,2.29
2024-05-01,1955,Все категории,39493,108286.4,36.47
2024-05-01,1956,Продовольствие,15073,106257.6,14.19
2024-05-01,1956,Здоровье,1039,106257.6,0.98
2024-05-01,1956,Маркетплейсы,3013,106257.6,2.84
2024-05-01,1956,Общественное питание,862,106257.6,0.81
2024-05-01,1956,Транспорт,1379,106257.6,1.3
2024-05-01,1956,Все категории,31625,106257.6,29.76
2024-05-01,1957,Продовольствие,18662,128090.6,14.57
2024-05-01,1957,Здоровье,1526,128090.6,1.19
2024-05-01,1957,Маркетплейсы,3065,128090.6,2.39
2024-05-01,1957,Общественное питание,1935,128090.6,1.51
2024-05-01,1957,Транспорт,2295,128090.6,1.79
2024-05-01,1957,Все категории,41703,128090.6,32.56
2024-05-01,1959,Продовольствие,15768,95628.8,16.49
2024-05-01,1959,Здоровье,935,95628.8,0.98
2024-05-01,1959,Маркетплейсы,2063,95628.8,2.16
2024-05-01,1959,Общественное питание,585,95628.8,0.61
2024-05-01,1959,Транспорт,1283,95628.8,1.34
2024-05-01,1959,Все категории,28505,95628.8,29.81
2024-05-01,1960,Продовольствие,17728,108694.7,16.31
2024-05-01,1960,Здоровье,1354,108694.7,1.25
2024-05-01,1960,Маркетплейсы,3119,108694.7,2.87
2024-05-01,1960,Общественное питание,533,108694.7,0.49
2024-05-01,1960,Транспорт,1645,108694.7,1.51
2024-05-01,1960,Все категории,35077,108694.7,32.27
2024-05-01,1961,Продовольствие,20844,192734.4,10.81
2024-05-01,1961,Здоровье,1669,192734.4,0.87
2024-05-01,1961,Маркетплейсы,4508,192734.4,2.34
2024-05-01,1961,Общественное питание,2573,192734.4,1.33
2024-05-01,1961,Транспорт,2649,192734.4,1.37
2024-05-01,1961,Все категории,46967,192734.4,24.37
2024-05-01,1962,Продовольствие,21974,126841.9,17.32
2024-05-01,1962,Здоровье,1605,126841.9,1.27
2024-05-01,1962,Маркетплейсы,4219,126841.9,3.33
2024-05-01,1962,Общественное питание,1343,126841.9,1.06
2024-05-01,1962,Транспорт,2041,126841.9,1.61
2024-05-01,1962,Все категории,45566,126841.9,35.92
2024-05-01,1963,Продовольствие,17658,93411.3,18.9
2024-05-01,1963,Здоровье,1022,93411.3,1.09
2024-05-01,1963,Маркетплейсы,3192,93411.3,3.42
2024-05-01,1963,Общественное питание,1152,93411.3,1.23
2024-05-01,1963,Транспорт,1780,93411.3,1.91
2024-05-01,1963,Все категории,35483,93411.3,37.99
2024-05-01,1965,Продовольствие,17385,94562.8,18.38
2024-05-01,1965,Здоровье,910,94562.8,0.96
2024-05-01,1965,Маркетплейсы,2674,94562.8,2.83
2024-05-01,1965,Общественное питание,507,94562.8,0.54
2024-05-01,1965,Транспорт,1559,94562.8,1.65
2024-05-01,1965,Все категории,31227,94562.8,33.02
2024-05-01,1966,Продовольствие,18039,102967.7,17.52
2024-05-01,1966,Здоровье,1026,102967.7,1.0
2024-05-01,1966,Маркетплейсы,1611,102967.7,1.56
2024-05-01,1966,Общественное питание,652,102967.7,0.63
2024-05-01,1966,Транспорт,1766,102967.7,1.72
2024-05-01,1966,Все категории,31179,102967.7,30.28
2024-05-01,1967,Продовольствие,18662,101926.2,18.31
2024-05-01,1967,Здоровье,1176,101926.2,1.15
2024-05-01,1967,Маркетплейсы,3098,101926.2,3.04
2024-05-01,1967,Общественное питание,454,101926.2,0.45
2024-05-01,1967,Транспорт,2273,101926.2,2.23
2024-05-01,1967,Все категории,37681,101926.2,36.97
2024-05-01,1968,Продовольствие,20505,147821.8,13.87
2024-05-01,1968,Здоровье,1402,147821.8,0.95
2024-05-01,1968,Маркетплейсы,3983,147821.8,2.69
2024-05-01,1968,Общественное питание,1413,147821.8,0.96
2024-05-01,1968,Транспорт,1925,147821.8,1.3
2024-05-01,1968,Все категории,41697,147821.8,28.21
2024-05-01,1969,Продовольствие,16517,108750.4,15.19
2024-05-01,1969,Здоровье,1192,108750.4,1.1
2024-05-01,1969,Маркетплейсы,2758,108750.4,2.54
2024-05-01,1969,Общественное питание,1025,108750.4,0.94
2024-05-01,1969,Транспорт,1718,108750.4,1.58
2024-05-01,1969,Все категории,33994,108750.4,31.26
2024-06-01,1954,Продовольствие,19321,96625.0,20.0
2024-06-01,1954,Здоровье,1385,96625.0,1.43
2024-06-01,1954,Маркетплейсы,4134,96625.0,4.28
2024-06-01,1954,Общественное питание,459,96625.0,0.48
2024-06-01,1954,Транспорт,1594,96625.0,1.65
2024-06-01,1954,Все категории,37746,96625.0,39.06
2024-06-01,1955,Продовольствие,17865,108286.4,16.5
2024-06-01,1955,Здоровье,1455,108286.4,1.34
2024-06-01,1955,Маркетплейсы,3721,108286.4,3.44
2024-06-01,1955,Общественное питание,1823,108286.4,1.68
2024-06-01,1955,Транспорт,2654,108286.4,2.45
2024-06-01,1955,Все категории,40130,108286.4,37.06
2024-06-01,1956,Продовольствие,15284,106257.6,14.38
2024-06-01,1956,Здоровье,1113,106257.6,1.05
2024-06-01,1956,Маркетплейсы,3372,106257.6,3.17
2024-06-01,1956,Общественное питание,872,106257.6,0.82
2024-06-01,1956,Транспорт,1405,106257.6,1.32
2024-06-01,1956,Все категории,32622,106257.6,30.7
2024-06-01,1957,Продовольствие,18260,128090.6,14.26
2024-06-01,1957,Здоровье,1488,128090.6,1.16
2024-06-01,1957,Маркетплейсы,3594,128090.6,2.81
2024-06-01,1957,Общественное питание,2153,128090.6,1.68
2024-06-01,1957,Транспорт,2214,128090.6,1.73
2024-06-01,1957,Все категории,42768,128090.6,33.39
2024-06-01,1959,Продовольствие,14989,95628.8,15.67
2024-06-01,1959,Здоровье,773,95628.8,0.81
2024-06-01,1959,Маркетплейсы,2675,95628.8,2.8
2024-06-01,1959,Общественное питание,607,95628.8,0.63
2024-06-01,1959,Транспорт,1438,95628.8,1.5
2024-06-01,1959,Все категории,30176,95628.8,31.56
2024-06-01,1960,Продовольствие,17574,108694.7,16.17
2024-06-01,1960,Здоровье,1323,108694.7,1.22
2024-06-01,1960,Маркетплейсы,3811,108694.7,3.51
2024-06-01,1960,Общественное питание,732,108694.7,0.67
2024-06-01,1960,Транспорт,1757,108694.7,1.62
2024-06-01,1960,Все категории,35913,108694.7,33.04
2024-06-01,1961,Продовольствие,20676,192734.4,10.73
2024-06-01,1961,Здоровье,1763,192734.4,0.91
2024-06-01,1961,Маркетплейсы,5146,192734.4,2.67
2024-06-01,1961,Общественное питание,2736,192734.4,1.42
2024-06-01,1961,Транспорт,2439,192734.4,1.27
2024-06-01,1961,Все категории,49386,192734.4,25.62
2024-06-01,1962,Продовольствие,21564,126841.9,17.0
2024-06-01,1962,Здоровье,1584,126841.9,1.25
2024-06-01,1962,Маркетплейсы,4396,126841.9,3.47
2024-06-01,1962,Общественное питание,1574,126841.9,1.24
2024-06-01,1962,Транспорт,2054,126841.9,1.62
2024-06-01,1962,Все категории,46467,126841.9,36.63
2024-06-01,1963,Продовольствие,17658,93411.3,18.9
2024-06-01,1963,Здоровье,1025,93411.3,1.1
2024-06-01,1963,Маркетплейсы,3781,93411.3,4.05
2024-06-01,1963,Общественное питание,1401,93411.3,1.5
2024-06-01,1963,Транспорт,1744,93411.3,1.87
2024-06-01,1963,Все категории,37640,93411.3,40.29
2024-06-01,1965,Продовольствие,17223,94562.8,18.21
2024-06-01,1965,Здоровье,1001,94562.8,1.06
2024-06-01,1965,Маркетплейсы,3064,94562.8,3.24
2024-06-01,1965,Общественное питание,687,94562.8,0.73
2024-06-01,1965,Транспорт,1185,94562.8,1.25
2024-06-01,1965,Все категории,31251,94562.8,33.05
2024-06-01,1966,Продовольствие,17956,102967.7,17.44
2024-06-01,1966,Здоровье,923,102967.7,0.9
2024-06-01,1966,Маркетплейсы,1749,102967.7,1.7
2024-06-01,1966,Общественное питание,765,102967.7,0.74
2024-06-01,1966,Транспорт,1696,102967.7,1.65
2024-06-01,1966,Все категории,32206,102967.7,31.28
2024-06-01,1967,Продовольствие,18874,101926.2,18.52
2024-06-01,1967,Здоровье,1050,101926.2,1.03
2024-06-01,1967,Маркетплейсы,3392,101926.2,3.33
2024-06-01,1967,Общественное питание,597,101926.2,0.59
2024-06-01,1967,Транспорт,2075,101926.2,2.04
2024-06-01,1967,Все категории,39032,101926.2,38.29
2024-06-01,1968,Продовольствие,20756,147821.8,14.04
2024-06-01,1968,Здоровье,1421,147821.8,0.96
2024-06-01,1968,Маркетплейсы,4294,147821.8,2.9
2024-06-01,1968,Общественное питание,1407,147821.8,0.95
2024-06-01,1968,Транспорт,1969,147821.8,1.33
2024-06-01,1968,Все категории,42412,147821.8,28.69
2024-06-01,1969,Продовольствие,16353,108750.4,15.04
2024-06-01,1969,Здоровье,1195,108750.4,1.1
2024-06-01,1969,Маркетплейсы,3100,108750.4,2.85
2024-06-01,1969,Общественное питание,1253,108750.4,1.15
2024-06-01,1969,Транспорт,1589,108750.4,1.46
2024-06-01,1969,Все категории,35032,108750.4,32.21
2024-07-01,1954,Продовольствие,20235,96625.0,20.94
2024-07-01,1954,Здоровье,1355,96625.0,1.4
2024-07-01,1954,Маркетплейсы,3767,96625.0,3.9
2024-07-01,1954,Общественное питание,518,96625.0,0.54
2024-07-01,1954,Транспорт,1547,96625.0,1.6
2024-07-01,1954,Все категории,37994,96625.0,39.32
2024-07-01,1955,Продовольствие,18081,108286.4,16.7
2024-07-01,1955,Здоровье,1244,108286.4,1.15
2024-07-01,1955,Маркетплейсы,3440,108286.4,3.18
2024-07-01,1955,Общественное питание,2245,108286.4,2.07
2024-07-01,1955,Транспорт,3052,108286.4,2.82
2024-07-01,1955,Все категории,41416,108286.4,38.25
2024-07-01,1956,Продовольствие,14986,106257.6,14.1
2024-07-01,1956,Здоровье,1066,106257.6,1.0
2024-07-01,1956,Маркетплейсы,3307,106257.6,3.11
2024-07-01,1956,Общественное питание,992,106257.6,0.93
2024-07-01,1956,Транспорт,1308,106257.6,1.23
2024-07-01,1956,Все категории,31096,106257.6,29.26
2024-07-01,1957,Продовольствие,18717,128090.6,14.61
2024-07-01,1957,Здоровье,1555,128090.6,1.21
2024-07-01,1957,Маркетплейсы,3701,128090.6,2.89
2024-07-01,1957,Общественное питание,2329,128090.6,1.82
2024-07-01,1957,Транспорт,2444,128090.6,1.91
2024-07-01,1957,Все категории,44258,128090.6,34.55
2024-07-01,1959,Продовольствие,15939,95628.8,16.67
2024-07-01,1959,Здоровье,928,95628.8,0.97
2024-07-01,1959,Маркетплейсы,2989,95628.8,3.13
2024-07-01,1959,Общественное питание,799,95628.8,0.84
2024-07-01,1959,Транспорт,1499,95628.8,1.57
2024-07-01,1959,Все категории,30716,95628.8,32.12
2024-07-01,1960,Продовольствие,18199,108694.7,16.74
2024-07-01,1960,Здоровье,1298,108694.7,1.19
2024-07-01,1960,Маркетплейсы,3810,108694.7,3.51
2024-07-01,1960,Общественное питание,994,108694.7,0.91
2024-07-01,1960,Транспорт,1846,108694.7,1.7
2024-07-01,1960,Все категории,36254,108694.7,33.35
2024-07-01,1961,Продовольствие,22076,192734.4,11.45
2024-07-01,1961,Здоровье,1633,192734.4,0.85
2024-07-01,1961,Маркетплейсы,5047,192734.4,2.62
2024-07-01,1961,Общественное питание,2980,192734.4,1.55
2024-07-01,1961,Транспорт,2730,192734.4,1.42
2024-07-01,1961,Все категории,51872,192734.4,26.91
2024-07-01,1962,Продовольствие,22310,126841.9,17.59
2024-07-01,1962,Здоровье,1880,126841.9,1.48
2024-07-01,1962,Маркетплейсы,4437,126841.9,3.5
2024-07-01,1962,Общественное питание,1953,126841.9,1.54
2024-07-01,1962,Транспорт,2268,126841.9,1.79
2024-07-01,1962,Все категории,49656,126841.9,39.15
2024-07-01,1963,Продовольствие,18157,93411.3,19.44
2024-07-01,1963,Здоровье,1127,93411.3,1.21
2024-07-01,1963,Маркетплейсы,3563,93411.3,3.81
2024-07-01,1963,Общественное питание,1540,93411.3,1.65
2024-07-01,1963,Транспорт,1942,93411.3,2.08
2024-07-01,1963,Все категории,38018,93411.3,40.7
2024-07-01,1965,Продовольствие,17080,94562.8,18.06
2024-07-01,1965,Здоровье,756,94562.8,0.8
2024-07-01,1965,Маркетплейсы,3055,94562.8,3.23
2024-07-01,1965,Общественное питание,773,94562.8,0.82
2024-07-01,1965,Транспорт,1427,94562.8,1.51
2024-07-01,1965,Все категории,32467,94562.8,34.33
2024-07-01,1966,Продовольствие,17820,102967.7,17.31
2024-07-01,1966,Здоровье,1060,102967.7,1.03
2024-07-01,1966,Маркетплейсы,1812,102967.7,1.76
2024-07-01,1966,Общественное питание,1038,102967.7,1.01
2024-07-01,1966,Транспорт,1849,102967.7,1.8
2024-07-01,1966,Все категории,32946,102967.7,32.0
2024-07-01,1967,Продовольствие,19519,101926.2,19.15
2024-07-01,1967,Здоровье,1170,101926.2,1.15
2024-07-01,1967,Маркетплейсы,3734,101926.2,3.66
2024-07-01,1967,Общественное питание,724,101926.2,0.71
2024-07-01,1967,Транспорт,2386,101926.2,2.34
2024-07-01,1967,Все категории,40136,101926.2,39.38
2024-07-01,1968,Продовольствие,21510,147821.8,14.55
2024-07-01,1968,Здоровье,1416,147821.8,0.96
2024-07-01,1968,Маркетплейсы,4123,147821.8,2.79
2024-07-01,1968,Общественное питание,1472,147821.8,1.0
2024-07-01,1968,Транспорт,2060,147821.8,1.39
2024-07-01,1968,Все категории,43728,147821.8,29.58
2024-07-01,1969,Продовольствие,16581,108750.4,15.25
2024-07-01,1969,Здоровье,1162,108750.4,1.07
2024-07-01,1969,Маркетплейсы,2972,108750.4,2.73
2024-07-01,1969,Общественное питание,1247,108750.4,1.15
2024-07-01,1969,Транспорт,1800,108750.4,1.66
2024-07-01,1969,Все категории,35292,108750.4,32.45
2024-08-01,1954,Продовольствие,19538,96625.0,20.22
2024-08-01,1954,Здоровье,1273,96625.0,1.32
2024-08-01,1954,Маркетплейсы,3641,96625.0,3.77
2024-08-01,1954,Общественное питание,546,96625.0,0.57
2024-08-01,1954,Транспорт,1800,96625.0,1.86
2024-08-01,1954,Все категории,37880,96625.0,39.2
2024-08-01,1955,Продовольствие,16881,108286.4,15.59
2024-08-01,1955,Здоровье,1212,108286.4,1.12
2024-08-01,1955,Маркетплейсы,3561,108286.4,3.29
2024-08-01,1955,Общественное питание,1976,108286.4,1.82
2024-08-01,1955,Транспорт,2527,108286.4,2.33
2024-08-01,1955,Все категории,39964,108286.4,36.91
2024-08-01,1956,Продовольствие,14931,106257.6,14.05
2024-08-01,1956,Здоровье,999,106257.6,0.94
2024-08-01,1956,Маркетплейсы,3424,106257.6,3.22
2024-08-01,1956,Общественное питание,1180,106257.6,1.11
2024-08-01,1956,Транспорт,1466,106257.6,1.38
2024-08-01,1956,Все категории,32917,106257.6,30.98
2024-08-01,1957,Продовольствие,18153,128090.6,14.17
2024-08-01,1957,Здоровье,1374,128090.6,1.07
2024-08-01,1957,Маркетплейсы,3724,128090.6,2.91
2024-08-01,1957,Общественное питание,2416,128090.6,1.89
2024-08-01,1957,Транспорт,2484,128090.6,1.94
2024-08-01,1957,Все категории,43986,128090.6,34.34
2024-08-01,1959,Продовольствие,14327,95628.8,14.98
2024-08-01,1959,Здоровье,1192,95628.8,1.25
2024-08-01,1959,Маркетплейсы,2423,95628.8,2.53
2024-08-01,1959,Общественное питание,627,95628.8,0.66
2024-08-01,1959,Транспорт,1560,95628.8,1.63
2024-08-01,1959,Все категории,29836,95628.8,31.2
2024-08-01,1960,Продовольствие,17609,108694.7,16.2
2024-08-01,1960,Здоровье,1106,108694.7,1.02
2024-08-01,1960,Маркетплейсы,3532,108694.7,3.25
2024-08-01,1960,Общественное питание,762,108694.7,0.7
2024-08-01,1960,Транспорт,1796,108694.7,1.65
2024-08-01,1960,Все категории,35548,108694.7,32.7
2024-08-01,1961,Продовольствие,22268,192734.4,11.55
2024-08-01,1961,Здоровье,1916,192734.4,0.99
2024-08-01,1961,Маркетплейсы,5505,192734.4,2.86
2024-08-01,1961,Общественное питание,2818,192734.4,1.46
2024-08-01,1961,Транспорт,2909,192734.4,1.51
2024-08-01,1961,Все категории,52765,192734.4,27.38
2024-08-01,1962,Продовольствие,21772,126841.9,17.16
2024-08-01,1962,Здоровье,1815,126841.9,1.43
2024-08-01,1962,Маркетплейсы,4522,126841.9,3.57
2024-08-01,1962,Общественное питание,2004,126841.9,1.58
2024-08-01,1962,Транспорт,2507,126841.9,1.98
2024-08-01,1962,Все категории,49348,126841.9,38.91
2024-08-01,1963,Продовольствие,17864,93411.3,19.12
2024-08-01,1963,Здоровье,1161,93411.3,1.24
2024-08-01,1963,Маркетплейсы,3800,93411.3,4.07
2024-08-01,1963,Общественное питание,1537,93411.3,1.65
2024-08-01,1963,Транспорт,1953,93411.3,2.09
2024-08-01,1963,Все категории,38465,93411.3,41.18
2024-08-01,1965,Продовольствие,17233,94562.8,18.22
2024-08-01,1965,Здоровье,1103,94562.8,1.17
2024-08-01,1965,Маркетплейсы,2964,94562.8,3.13
2024-08-01,1965,Общественное питание,875,94562.8,0.93
2024-08-01,1965,Транспорт,1492,94562.8,1.58
2024-08-01,1965,Все категории,34362,94562.8,36.34
2024-08-01,1966,Продовольствие,17071,102967.7,16.58
2024-08-01,1966,Здоровье,918,102967.7,0.89
2024-08-01,1966,Маркетплейсы,2294,102967.7,2.23
2024-08-01,1966,Общественное питание,1022,102967.7,0.99
2024-08-01,1966,Транспорт,1928,102967.7,1.87
2024-08-01,1966,Все категории,33700,102967.7,32.73
2024-08-01,1967,Продовольствие,18637,101926.2,18.28
2024-08-01,1967,Здоровье,1141,101926.2,1.12
2024-08-01,1967,Маркетплейсы,3430,101926.2,3.37
2024-08-01,1967,Общественное питание,838,101926.2,0.82
2024-08-01,1967,Транспорт,2521,101926.2,2.47
2024-08-01,1967,Все категории,39415,101926.2,38.67
2024-08-01,1968,Продовольствие,21966,147821.8,14.86
2024-08-01,1968,Здоровье,1554,147821.8,1.05
2024-08-01,1968,Маркетплейсы,4037,147821.8,2.73
2024-08-01,1968,Общественное питание,1647,147821.8,1.11
2024-08-01,1968,Транспорт,2113,147821.8,1.43
2024-08-01,1968,Все категории,44332,147821.8,29.99
2024-08-01,1969,Продовольствие,15866,108750.4,14.59
2024-08-01,1969,Здоровье,1113,108750.4,1.02
2024-08-01,1969,Маркетплейсы,2880,108750.4,2.65
2024-08-01,1969,Общественное питание,1321,108750.4,1.21
2024-08-01,1969,Транспорт,1753,108750.4,1.61
2024-08-01,1969,Все категории,34345,108750.4,31.58
2024-09-01,1954,Продовольствие,17142,96625.0,17.74
2024-09-01,1954,Здоровье,1299,96625.0,1.34
2024-09-01,1954,Маркетплейсы,2979,96625.0,3.08
2024-09-01,1954,Общественное питание,377,96625.0,0.39
2024-09-01,1954,Транспорт,1619,96625.0,1.68
2024-09-01,1954,Все категории,33472,96625.0,34.64
2024-09-01,1955,Продовольствие,16067,108286.4,14.84
2024-09-01,1955,Здоровье,1169,108286.4,1.08
2024-09-01,1955,Маркетплейсы,3092,108286.4,2.86
2024-09-01,1955,Общественное питание,1599,108286.4,1.48
2024-09-01,1955,Транспорт,2623,108286.4,2.42
2024-09-01,1955,Все категории,35848,108286.4,33.1
2024-09-01,1956,Продовольствие,13391,106257.6,12.6
2024-09-01,1956,Здоровье,1108,106257.6,1.04
2024-09-01,1956,Маркетплейсы,3589,106257.6,3.38
2024-09-01,1956,Общественное питание,1036,106257.6,0.97
2024-09-01,1956,Транспорт,1382,106257.6,1.3
2024-09-01,1956,Все категории,30115,106257.6,28.34
2024-09-01,1957,Продовольствие,17191,128090.6,13.42
2024-09-01,1957,Здоровье,1575,128090.6,1.23
2024-09-01,1957,Маркетплейсы,3331,128090.6,2.6
2024-09-01,1957,Общественное питание,2224,128090.6,1.74
2024-09-01,1957,Транспорт,2497,128090.6,1.95
2024-09-01,1957,Все категории,41902,128090.6,32.71
2024-09-01,1959,Продовольствие,13840,95628.8,14.47
2024-09-01,1959,Здоровье,866,95628.8,0.91
2024-09-01,1959,Маркетплейсы,2815,95628.8,2.94
2024-09-01,1959,Общественное питание,650,95628.8,0.68
2024-09-01,1959,Транспорт,1448,95628.8,1.51
2024-09-01,1959,Все категории,27846,95628.8,29.12
2024-09-01,1960,Продовольствие,16438,108694.7,15.12
2024-09-01,1960,Здоровье,1141,108694.7,1.05
2024-09-01,1960,Маркетплейсы,3315,108694.7,3.05
2024-09-01,1960,Общественное питание,613,108694.7,0.56
2024-09-01,1960,Транспорт,1692,108694.7,1.56
2024-09-01,1960,Все категории,33781,108694.7,31.08
2024-09-01,1961,Продовольствие,19855,192734.4,10.3
2024-09-01,1961,Здоровье,1902,192734.4,0.99
2024-09-01,1961,Маркетплейсы,4944,192734.4,2.57
2024-09-01,1961,Общественное питание,2223,192734.4,1.15
2024-09-01,1961,Транспорт,2555,192734.4,1.33
2024-09-01,1961,Все категории,47175,192734.4,24.48
2024-09-01,1962,Продовольствие,20136,126841.9,15.87
2024-09-01,1962,Здоровье,1741,126841.9,1.37
2024-09-01,1962,Маркетплейсы,4425,126841.9,3.49
2024-09-01,1962,Общественное питание,1348,126841.9,1.06
2024-09-01,1962,Транспорт,2100,126841.9,1.66
2024-09-01,1962,Все категории,43860,126841.9,34.58
2024-09-01,1963,Продовольствие,16093,93411.3,17.23
2024-09-01,1963,Здоровье,1199,93411.3,1.28
2024-09-01,1963,Маркетплейсы,3665,93411.3,3.92
2024-09-01,1963,Общественное питание,1153,93411.3,1.23
2024-09-01,1963,Транспорт,1881,93411.3,2.01
2024-09-01,1963,Все категории,35160,93411.3,37.64
2024-09-01,1965,Продовольствие,15176,94562.8,16.05
2024-09-01,1965,Здоровье,912,94562.8,0.96
2024-09-01,1965,Маркетплейсы,2815,94562.8,2.98
2024-09-01,1965,Общественное питание,552,94562.8,0.58
2024-09-01,1965,Транспорт,1265,94562.8,1.34
2024-09-01,1965,Все категории,28330,94562.8,29.96
2024-09-01,1966,Продовольствие,16386,102967.7,15.91
2024-09-01,1966,Здоровье,1226,102967.7,1.19
2024-09-01,1966,Маркетплейсы,2460,102967.7,2.39
2024-09-01,1966,Общественное питание,1043,102967.7,1.01
2024-09-01,1966,Транспорт,2048,102967.7,1.99
2024-09-01,1966,Все категории,31159,102967.7,30.26
2024-09-01,1967,Продовольствие,16772,101926.2,16.46
2024-09-01,1967,Здоровье,1223,101926.2,1.2
2024-09-01,1967,Маркетплейсы,3219,101926.2,3.16
2024-09-01,1967,Общественное питание,662,101926.2,0.65
2024-09-01,1967,Транспорт,2259,101926.2,2.22
2024-09-01,1967,Все категории,35626,101926.2,34.95
2024-09-01,1968,Продовольствие,19780,147821.8,13.38
2024-09-01,1968,Здоровье,1470,147821.8,0.99
2024-09-01,1968,Маркетплейсы,4136,147821.8,2.8
2024-09-01,1968,Общественное питание,1429,147821.8,0.97
2024-09-01,1968,Транспорт,1978,147821.8,1.34
2024-09-01,1968,Все категории,40402,147821.8,27.33
2024-09-01,1969,Продовольствие,14810,108750.4,13.62
2024-09-01,1969,Здоровье,1214,108750.4,1.12
2024-09-01,1969,Маркетплейсы,2747,108750.4,2.53
2024-09-01,1969,Общественное питание,1027,108750.4,0.94
2024-09-01,1969,Транспорт,1676,108750.4,1.54
2024-09-01,1969,Все категории,31766,108750.4,29.21
2024-10-01,1954,Продовольствие,17813,96625.0,18.44
2024-10-01,1954,Здоровье,1445,96625.0,1.5
2024-10-01,1954,Маркетплейсы,3492,96625.0,3.61
2024-10-01,1954,Общественное питание,320,96625.0,0.33
2024-10-01,1954,Транспорт,1607,96625.0,1.66
2024-10-01,1954,Все категории,33865,96625.0,35.05
2024-10-01,1955,Продовольствие,16510,108286.4,15.25
2024-10-01,1955,Здоровье,1346,108286.4,1.24
2024-10-01,1955,Маркетплейсы,3999,108286.4,3.69
2024-10-01,1955,Общественное питание,1794,108286.4,1.66
2024-10-01,1955,Транспорт,2772,108286.4,2.56
2024-10-01,1955,Все категории,39850,108286.4,36.8
2024-10-01,1956,Продовольствие,14385,106257.6,13.54
2024-10-01,1956,Здоровье,1098,106257.6,1.03
2024-10-01,1956,Маркетплейсы,3904,106257.6,3.67
2024-10-01,1956,Общественное питание,978,106257.6,0.92
2024-10-01,1956,Транспорт,1311,106257.6,1.23
2024-10-01,1956,Все категории,31586,106257.6,29.73
2024-10-01,1957,Продовольствие,17759,128090.6,13.86
2024-10-01,1957,Здоровье,1683,128090.6,1.31
2024-10-01,1957,Маркетплейсы,4023,128090.6,3.14
2024-10-01,1957,Общественное питание,2193,128090.6,1.71
2024-10-01,1957,Транспорт,2643,128090.6,2.06
2024-10-01,1957,Все категории,43217,128090.6,33.74
2024-10-01,1959,Продовольствие,15303,95628.8,16.0
2024-10-01,1959,Здоровье,1031,95628.8,1.08
2024-10-01,1959,Маркетплейсы,3566,95628.8,3.73
2024-10-01,1959,Общественное питание,746,95628.8,0.78
2024-10-01,1959,Транспорт,1495,95628.8,1.56
2024-10-01,1959,Все категории,32733,95628.8,34.23
2024-10-01,1960,Продовольствие,16865,108694.7,15.52
2024-10-01,1960,Здоровье,1317,108694.7,1.21
2024-10-01,1960,Маркетплейсы,4057,108694.7,3.73
2024-10-01,1960,Общественное питание,527,108694.7,0.48
2024-10-01,1960,Транспорт,1872,108694.7,1.72
2024-10-01,1960,Все категории,35636,108694.7,32.79
2024-10-01,1961,Продовольствие,20228,192734.4,10.5
2024-10-01,1961,Здоровье,2167,192734.4,1.12
2024-10-01,1961,Маркетплейсы,5630,192734.4,2.92
2024-10-01,1961,Общественное питание,2102,192734.4,1.09
2024-10-01,1961,Транспорт,2639,192734.4,1.37
2024-10-01,1961,Все категории,48148,192734.4,24.98
2024-10-01,1962,Продовольствие,21156,126841.9,16.68
2024-10-01,1962,Здоровье,1791,126841.9,1.41
2024-10-01,1962,Маркетплейсы,5017,126841.9,3.96
2024-10-01,1962,Общественное питание,1396,126841.9,1.1
2024-10-01,1962,Транспорт,2247,126841.9,1.77
2024-10-01,1962,Все категории,45544,126841.9,35.91
2024-10-01,1963,Продовольствие,16677,93411.3,17.85
2024-10-01,1963,Здоровье,1226,93411.3,1.31
2024-10-01,1963,Маркетплейсы,3945,93411.3,4.22
2024-10-01,1963,Общественное питание,1193,93411.3,1.28
2024-10-01,1963,Транспорт,1837,93411.3,1.97
2024-10-01,1963,Все категории,36281,93411.3,38.84
2024-10-01,1965,Продовольствие,15889,94562.8,16.8
2024-10-01,1965,Здоровье,900,94562.8,0.95
2024-10-01,1965,Маркетплейсы,2856,94562.8,3.02
2024-10-01,1965,Общественное питание,565,94562.8,0.6
2024-10-01,1965,Транспорт,1540,94562.8,1.63
2024-10-01,1965,Все категории,29812,94562.8,31.53
2024-10-01,1966,Продовольствие,16573,102967.7,16.1
2024-10-01,1966,Здоровье,1277,102967.7,1.24
2024-10-01,1966,Маркетплейсы,2993,102967.7,2.91
2024-10-01,1966,Общественное питание,811,102967.7,0.79
2024-10-01,1966,Транспорт,1893,102967.7,1.84
2024-10-01,1966,Все категории,31447,102967.7,30.54
2024-10-01,1967,Продовольствие,17636,101926.2,17.3
2024-10-01,1967,Здоровье,1375,101926.2,1.35
2024-10-01,1967,Маркетплейсы,3514,101926.2,3.45
2024-10-01,1967,Общественное питание,601,101926.2,0.59
2024-10-01,1967,Транспорт,2390,101926.2,2.34
2024-10-01,1967,Все категории,36512,101926.2,35.82
2024-10-01,1968,Продовольствие,20469,147821.8,13.85
2024-10-01,1968,Здоровье,1579,147821.8,1.07
2024-10-01,1968,Маркетплейсы,4690,147821.8,3.17
2024-10-01,1968,Общественное питание,1356,147821.8,0.92
2024-10-01,1968,Транспорт,1980,147821.8,1.34
2024-10-01,1968,Все категории,41171,147821.8,27.85
2024-10-01,1969,Продовольствие,14581,108750.4,13.41
2024-10-01,1969,Здоровье,1285,108750.4,1.18
2024-10-01,1969,Маркетплейсы,3078,108750.4,2.83
2024-10-01,1969,Общественное питание,1037,108750.4,0.95
2024-10-01,1969,Транспорт,1593,108750.4,1.46
2024-10-01,1969,Все категории,32188,108750.4,29.6
2024-11-01,1954,Продовольствие,17242,96625.0,17.84
2024-11-01,1954,Здоровье,1205,96625.0,1.25
2024-11-01,1954,Маркетплейсы,4416,96625.0,4.57
2024-11-01,1954,Общественное питание,295,96625.0,0.31
2024-11-01,1954,Транспорт,1546,96625.0,1.6
2024-11-01,1954,Все категории,34341,96625.0,35.54
2024-11-01,1955,Продовольствие,17736,108286.4,16.38
2024-11-01,1955,Здоровье,1347,108286.4,1.24
2024-11-01,1955,Маркетплейсы,4440,108286.4,4.1
2024-11-01,1955,Общественное питание,2047,108286.4,1.89
2024-11-01,1955,Транспорт,3051,108286.4,2.82
2024-11-01,1955,Все категории,42288,108286.4,39.05
2024-11-01,1956,Продовольствие,14094,106257.6,13.26
2024-11-01,1956,Здоровье,1117,106257.6,1.05
2024-11-01,1956,Маркетплейсы,4428,106257.6,4.17
2024-11-01,1956,Общественное питание,969,106257.6,0.91
2024-11-01,1956,Транспорт,1495,106257.6,1.41
2024-11-01,1956,Все категории,31964,106257.6,30.08
2024-11-01,1957,Продовольствие,17186,128090.6,13.42
2024-11-01,1957,Здоровье,1542,128090.6,1.2
2024-11-01,1957,Маркетплейсы,4730,128090.6,3.69
2024-11-01,1957,Общественное питание,1944,128090.6,1.52
2024-11-01,1957,Транспорт,2541,128090.6,1.98
2024-11-01,1957,Все категории,41970,128090.6,32.77
2024-11-01,1959,Продовольствие,14469,95628.8,15.13
2024-11-01,1959,Здоровье,1178,95628.8,1.23
2024-11-01,1959,Маркетплейсы,4229,95628.8,4.42
2024-11-01,1959,Общественное питание,671,95628.8,0.7
2024-11-01,1959,Транспорт,1512,95628.8,1.58
2024-11-01,1959,Все категории,31524,95628.8,32.96
2024-11-01,1960,Продовольствие,16318,108694.7,15.01
2024-11-01,1960,Здоровье,1319,108694.7,1.21
2024-11-01,1960,Маркетплейсы,4400,108694.7,4.05
2024-11-01,1960,Общественное питание,431,108694.7,0.4
2024-11-01,1960,Транспорт,1693,108694.7,1.56
2024-11-01,1960,Все категории,33247,108694.7,30.59
2024-11-01,1961,Продовольствие,19488,192734.4,10.11
2024-11-01,1961,Здоровье,2016,192734.4,1.05
2024-11-01,1961,Маркетплейсы,6257,192734.4,3.25
2024-11-01,1961,Общественное питание,1814,192734.4,0.94
2024-11-01,1961,Транспорт,2465,192734.4,1.28
2024-11-01,1961,Все категории,48104,192734.4,24.96
2024-11-01,1962,Продовольствие,20897,126841.9,16.47
2024-11-01,1962,Здоровье,1663,126841.9,1.31
2024-11-01,1962,Маркетплейсы,6122,126841.9,4.83
2024-11-01,1962,Общественное питание,1258,126841.9,0.99
2024-11-01,1962,Транспорт,1958,126841.9,1.54
2024-11-01,1962,Все категории,45350,126841.9,35.75
2024-11-01,1963,Продовольствие,16891,93411.3,18.08
2024-11-01,1963,Здоровье,1156,93411.3,1.24
2024-11-01,1963,Маркетплейсы,4608,93411.3,4.93
2024-11-01,1963,Общественное питание,952,93411.3,1.02
2024-11-01,1963,Транспорт,1783,93411.3,1.91
2024-11-01,1963,Все категории,36369,93411.3,38.93
2024-11-01,1965,Продовольствие,15941,94562.8,16.86
2024-11-01,1965,Здоровье,1115,94562.8,1.18
2024-11-01,1965,Маркетплейсы,3904,94562.8,4.13
2024-11-01,1965,Общественное питание,654,94562.8,0.69
2024-11-01,1965,Транспорт,1571,94562.8,1.66
2024-11-01,1965,Все категории,32258,94562.8,34.11
2024-11-01,1966,Продовольствие,16664,102967.7,16.18
2024-11-01,1966,Здоровье,991,102967.7,0.96
2024-11-01,1966,Маркетплейсы,4204,102967.7,4.08
2024-11-01,1966,Общественное питание,715,102967.7,0.69
2024-11-01,1966,Транспорт,1816,102967.7,1.76
2024-11-01,1966,Все категории,32073,102967.7,31.15
2024-11-01,1967,Продовольствие,18230,101926.2,17.89
2024-11-01,1967,Здоровье,1264,101926.2,1.24
2024-11-01,1967,Маркетплейсы,4810,101926.2,4.72
2024-11-01,1967,Общественное питание,488,101926.2,0.48
2024-11-01,1967,Транспорт,2395,101926.2,2.35
2024-11-01,1967,Все категории,38877,101926.2,38.14
2024-11-01,1968,Продовольствие,19381,147821.8,13.11
2024-11-01,1968,Здоровье,1413,147821.8,0.96
2024-11-01,1968,Маркетплейсы,5474,147821.8,3.7
2024-11-01,1968,Общественное питание,1309,147821.8,0.89
2024-11-01,1968,Транспорт,1933,147821.8,1.31
2024-11-01,1968,Все категории,40751,147821.8,27.57
2024-11-01,1969,Продовольствие,14778,108750.4,13.59
2024-11-01,1969,Здоровье,1219,108750.4,1.12
2024-11-01,1969,Маркетплейсы,3702,108750.4,3.4
2024-11-01,1969,Общественное питание,968,108750.4,0.89
2024-11-01,1969,Транспорт,1642,108750.4,1.51
2024-11-01,1969,Все категории,33186,108750.4,30.52
2024-12-01,1954,Продовольствие,21150,96625.0,21.89
2024-12-01,1954,Здоровье,1358,96625.0,1.41
2024-12-01,1954,Маркетплейсы,4796,96625.0,4.96
2024-12-01,1954,Общественное питание,232,96625.0,0.24
2024-12-01,1954,Транспорт,1761,96625.0,1.82
2024-12-01,1954,Все категории,41907,96625.0,43.37
2024-12-01,1955,Продовольствие,22710,108286.4,20.97
2024-12-01,1955,Здоровье,1563,108286.4,1.44
2024-12-01,1955,Маркетплейсы,5051,108286.4,4.66
2024-12-01,1955,Общественное питание,2098,108286.4,1.94
2024-12-01,1955,Транспорт,4018,108286.4,3.71
2024-12-01,1955,Все категории,54843,108286.4,50.65
2024-12-01,1956,Продовольствие,17004,106257.6,16.0
2024-12-01,1956,Здоровье,1045,106257.6,0.98
2024-12-01,1956,Маркетплейсы,4529,106257.6,4.26
2024-12-01,1956,Общественное питание,911,106257.6,0.86
2024-12-01,1956,Транспорт,1454,106257.6,1.37
2024-12-01,1956,Все категории,38444,106257.6,36.18
2024-12-01,1957,Продовольствие,20657,128090.6,16.13
2024-12-01,1957,Здоровье,1689,128090.6,1.32
2024-12-01,1957,Маркетплейсы,4745,128090.6,3.7
2024-12-01,1957,Общественное питание,2038,128090.6,1.59
2024-12-01,1957,Транспорт,2850,128090.6,2.22
2024-12-01,1957,Все категории,50707,128090.6,39.59
2024-12-01,1959,Продовольствие,18714,95628.8,19.57
2024-12-01,1959,Здоровье,1071,95628.8,1.12
2024-12-01,1959,Маркетплейсы,4897,95628.8,5.12
2024-12-01,1959,Общественное питание,654,95628.8,0.68
2024-12-01,1959,Транспорт,1584,95628.8,1.66
2024-12-01,1959,Все категории,38291,95628.8,40.04
2024-12-01,1960,Продовольствие,20220,108694.7,18.6
2024-12-01,1960,Здоровье,1340,108694.7,1.23
2024-12-01,1960,Маркетплейсы,5106,108694.7,4.7
2024-12-01,1960,Общественное питание,489,108694.7,0.45
2024-12-01,1960,Транспорт,1761,108694.7,1.62
2024-12-01,1960,Все категории,42532,108694.7,39.13
2024-12-01,1961,Продовольствие,22882,192734.4,11.87
2024-12-01,1961,Здоровье,1909,192734.4,0.99
2024-12-01,1961,Маркетплейсы,7047,192734.4,3.66
2024-12-01,1961,Общественное питание,1929,192734.4,1.0
2024-12-01,1961,Транспорт,2855,192734.4,1.48
2024-12-01,1961,Все категории,55865,192734.4,28.99
2024-12-01,1962,Продовольствие,24583,126841.9,19.38
2024-12-01,1962,Здоровье,1733,126841.9,1.37
2024-12-01,1962,Маркетплейсы,6124,126841.9,4.83
2024-12-01,1962,Общественное питание,1287,126841.9,1.01
2024-12-01,1962,Транспорт,2217,126841.9,1.75
2024-12-01,1962,Все категории,52816,126841.9,41.64
2024-12-01,1963,Продовольствие,20328,93411.3,21.76
2024-12-01,1963,Здоровье,1247,93411.3,1.33
2024-12-01,1963,Маркетплейсы,4581,93411.3,4.9
2024-12-01,1963,Общественное питание,950,93411.3,1.02
2024-12-01,1963,Транспорт,2012,93411.3,2.15
2024-12-01,1963,Все категории,43013,93411.3,46.05
2024-12-01,1965,Продовольствие,19719,94562.8,20.85
2024-12-01,1965,Здоровье,1137,94562.8,1.2
2024-12-01,1965,Маркетплейсы,4312,94562.8,4.56
2024-12-01,1965,Общественное питание,512,94562.8,0.54
2024-12-01,1965,Транспорт,1655,94562.8,1.75
2024-12-01,1965,Все категории,38798,94562.8,41.03
2024-12-01,1966,Продовольствие,19805,102967.7,19.23
2024-12-01,1966,Здоровье,1186,102967.7,1.15
2024-12-01,1966,Маркетплейсы,4914,102967.7,4.77
2024-12-01,1966,Общественное питание,716,102967.7,0.7
2024-12-01,1966,Транспорт,2019,102967.7,1.96
2024-12-01,1966,Все категории,39541,102967.7,38.4
2024-12-01,1967,Продовольствие,21944,101926.2,21.53
2024-12-01,1967,Здоровье,1293,101926.2,1.27
2024-12-01,1967,Маркетплейсы,4881,101926.2,4.79
2024-12-01,1967,Общественное питание,446,101926.2,0.44
2024-12-01,1967,Транспорт,2567,101926.2,2.52
2024-12-01,1967,Все категории,45897,101926.2,45.03
2024-12-01,1968,Продовольствие,23466,147821.8,15.87
2024-12-01,1968,Здоровье,1574,147821.8,1.06
2024-12-01,1968,Маркетплейсы,6163,147821.8,4.17
2024-12-01,1968,Общественное питание,1206,147821.8,0.82
2024-12-01,1968,Транспорт,2099,147821.8,1.42
2024-12-01,1968,Все категории,49168,147821.8,33.26
2024-12-01,1969,Продовольствие,17646,108750.4,16.23
2024-12-01,1969,Здоровье,1220,108750.4,1.12
2024-12-01,1969,Маркетплейсы,4075,108750.4,3.75
2024-12-01,1969,Общественное питание,991,108750.4,0.91
2024-12-01,1969,Транспорт,1797,108750.4,1.65
2024-12-01,1969,Все категории,39634,108750.4,36.44
